{"cameraMode":{"drawMode":0,"name":"Shaded","section":"Shading Mode"},"sceneLighting":true,"audioPlay":false,"sceneViewState":{"showFog":true,"showMaterialUpdate":true,"showSkybox":true,"showFlares":true,"showImageEffects":true,"showParticleSystems":true},"in2DMode":false,"pivot":{"x":-2.305265426635742,"y":7.493854999542236,"z":9.935999870300293},"rotation":{"x":-0.2897948622703552,"y":-0.41753846406936648,"z":0.14246134459972382,"w":-0.8493509292602539},"size":3.198076009750366,"orthographic":false}